,flood_start,flood_end,Pays,Région,Cercle,Commune,Quartier/Villages
0,2022-09-23,2022-09-24,Mali,MOPTI,DJENNE,,Syn
1,2022-09-23,2022-09-24,Mali,MOPTI,BANDIAGARA,SANGHA,Diamini-Bouradono
2,2022-09-17,2022-09-18,Mali,MOPTI,KORO,MADOUGOU,Tindji Ireli 
3,2022-09-17,2022-09-18,Mali,MOPTI,KORO,BARAPIRELI,Tindji Neni 
4,2022-09-15,2022-09-16,Mali,SEGOU,BAROUELI,KALAKE,Kalale
5,2022-09-15,2022-09-16,Mali,SEGOU,BLA,YANGASSO,Yangasso
6,2022-09-10,2022-09-11,Mali,SEGOU,SAN,SAN COMMUNE,Sibougou
7,2022-09-06,2022-09-07,Mali,MOPTI,BANDIAGARA,SEGUE IRE,Tindji Ireli
8,2022-09-06,2022-09-07,Mali,MOPTI,KORO,BARAPIRELI,Yaguem
9,2022-09-06,2022-09-07,Mali,MOPTI,BANDIAGARA,BANDIAGARA COMMUNE,Anakada
10,2022-09-06,2022-09-07,Mali,MOPTI,KORO,MADOUGOU,Anakanda
11,2022-09-06,2022-09-07,Mali,TOMBOUCTOU,GOURMA-RHAROUS,BAMBARA MAOUDE,Arssi
12,2022-09-06,2022-09-07,Mali,TOMBOUCTOU,GOURMA-RHAROUS,HAMZAKOMA,"Gisma, Darsalam, Intididene, Bengaria, kelHikikaneI, Eminafade I, Takoufout, Doudere, Chakano, Tizimbaze, Bangaria"
13,2022-09-06,2022-09-07,Mali,TOMBOUCTOU,GOURMA-RHAROUS,RHAROUS,Waikoungou
14,2022-09-05,2022-09-06,Mali,MOPTI,DJENNE,DANDOUGOU FAKALA,"Tacko, Sirbougou, Touara"
15,2022-09-05,2022-09-06,Mali,MOPTI,DJENNE,NIANSANARI,Manta
16,2022-09-05,2022-09-06,Mali,MOPTI,DJENNE,DJENNE COMMUNE,Soala
17,2022-09-04,2022-09-05,Mali,SEGOU,SAN,SAN COMMUNE,Belenitiégny
18,2022-09-02,2022-09-03,Mali,SEGOU,SEGOU,SEGOU COMMUNE,Bougounina 
19,2022-09-01,2022-09-02,Mali,KOULIKORO,DIOILA,KALADOUGOU,Thientiéna
20,2022-09-01,2022-09-02,Mali,KOULIKORO,DIOILA,DEGNEKORO,Fana
21,2022-08-31,2022-09-01,Mali,MOPTI,DOUENTZA,DOUENTZA COMMUNE,Djoulouna
22,2022-08-28,2022-08-29,Mali,KOULIKORO,NARA,NARA,Tioffi
23,2022-08-28,2022-08-29,Mali,SEGOU,SEGOU,PELENGANA,Pelengana sud
24,2022-08-27,2022-08-28,Mali,KOULIKORO,NARA,KORONGA,Koronga
25,2022-08-27,2022-08-28,Mali,KOULIKORO,NARA,DILLY,Djinkoulou 
26,2022-08-24,2022-08-25,Mali,GAO,BOUREM,BOUREM,"Ersane , Agamhor , Ersane, Tabankort , Tarkint , Dararatouli , Tinfanda , Frinta , Kassembéré , Tahabanat"
27,2022-08-24,2022-08-25,Mali,GAO,BOUREM,BAMBA,Bamba Tabahokoumate et kalenssar 4
28,2022-08-24,2022-08-25,Mali,MOPTI,BANDIAGARA,DIAMNATI, Diamini-Bouradono
29,2022-08-18,2022-08-19,Mali,SEGOU,SEGOU,FARAKO,Farako
30,2022-08-12,2022-08-13,Mali,BAMAKO,BAMAKO,COMMUNE I,Sotuba
31,2022-08-12,2022-08-13,Mali,BAMAKO,BAMAKO,COMMUNE V,Magnambougou
32,2022-08-12,2022-08-13,Mali,BAMAKO,BAMAKO,COMMUNE VI,"Missabougou, Magnambougou "
33,2022-08-12,2022-08-13,Mali,KOULIKORO,KATI,OUELESSEBOUGOU,Kolena
34,2022-08-12,2022-08-13,Mali,KOULIKORO,KATI,MANDE,Kanadjiguila
35,2022-08-12,2022-08-13,Mali,KOULIKORO,KATI,SANANKORO DJITOUMOU,Dianikoro
36,2022-08-12,2022-08-13,Mali,BAMAKO,BAMAKO,COMMUNE II,"Konebougou, Bougouba"
37,2022-08-12,2022-08-13,Mali,TOMBOUCTOU,GOUNDAM,TONKA,Tonka
38,2022-08-12,2022-08-13,Mali,TOMBOUCTOU,GOURMA-RHAROUS,SERERE,"Madiakoye, Kano, Mamadou Koira, Moyadji Koira, Amaragoungou, Goungouberi, Arbichi, Kelhikikene II, Kelhikikene Sereré, Kelhikikene Taborack, Ikorchatane Sereré, Izegayatane, Ikamadayane, Waikaratane Boranda"
39,2022-08-12,2022-08-13,Mali,TOMBOUCTOU,GOURMA-RHAROUS,HARIBOMO,"Kel BouKel Bourem Erewi, Tomagaih, Tissi kinene, Igar-gar, Abaloul, Tama-Hamey, Daka Djerel, Djedjefou, Imawane,Tagoungoutte, Tim-Alada, Tabakatt, Tin-Ghyhchane, Daka M'bara, Dazi"
40,2022-08-12,2022-08-13,Mali,TOMBOUCTOU,GOURMA-RHAROUS,OUINERDEN,"Tissiknen, Tagoungoutte, Imawane, Daka Djerel, Daka M'bara, Kel Bourem Erewi, Toumagué, Adiora 1, Ingarhan, Oudimi"
41,2022-08-12,2022-08-13,Mali,TOMBOUCTOU,TOMBOUCTOU,TOMBOUCTOU,"Hamabangou, Djingarey Ber, Barriz, Bellafarandi, Abaradiou, Kabara, Badjinde, Sankore"
42,2022-08-09,2022-08-10,Mali,GAO,BOUREM,BOUREM,Diambourou et Kalani 
43,2022-08-04,2022-08-05,Mali,SIKASSO,BOUGOUNI,BOUGOUNI COMMUNE,Torakabougou
44,2022-08-04,2022-08-05,Mali,SIKASSO,KADIOLO,KADIOLO,Kadiolo Koko
45,2022-07-29,2022-07-30,Mali,SEGOU,SEGOU,SEGOU COMMUNE,Kolotomo
46,2022-07-20,2022-07-21,Mali,SEGOU,SEGOU,SEGOU COMMUNE,Kolodougou coura
47,2022-07-17,2022-07-18,Mali,KOULIKORO,DIOILA,KALADOUGOU,Nématoulaye
48,2022-07-10,2022-07-11,Mali,TOMBOUCTOU,NIAFUNKE,SOUMPI,"Toubel, Dofana, Enekar, Edouareck, Edouareck-Kountou, "
49,2022-07-10,2022-07-11,Mali,TOMBOUCTOU,TOMBOUCTOU,LAFIA,Sourgou sarey
50,2022-07-10,2022-07-11,Mali,TOMBOUCTOU,TOMBOUCTOU,BER,"Ber, Tererdjé,Terist, Tinafewa, Nibkit Keidim, Taoutilt, Er-Intedjeft, Tadoumoumt, Zarho"
51,2022-06-29,2022-06-30,Mali,KOULIKORO,DIOILA,KALADOUGOU,Kola
52,2022-06-29,2022-06-30,Mali,KOULIKORO,NARA,NARA,Medina coura
53,2022-06-27,2022-06-28,Mali,MOPTI,MOPTI,SOCOURA,Sarema
54,2022-06-20,2022-06-21,Mali,KOULIKORO,NARA,KORONGA,Zidou
55,2022-06-20,2022-06-21,Mali,KAYES,KAYES,KAYES COMMUNE,Sangafara 
56,2022-06-17,2022-06-18,Mali,KOULIKORO,KATI,KALABANCORO,Kabala Extention
57,2022-06-17,2022-06-18,Mali,BAMAKO,BAMAKO,COMMUNE I,Fombabougou
58,2022-06-17,2022-06-18,Mali,KOULIKORO,DIOILA,KALADOUGOU,Tiendobougou
59,2022-06-06,2022-06-07,Mali,MOPTI,MOPTI,MOPTI COMMUNE,Lycéé Hamadou
60,2022-05-01,2022-05-02,Mali,KIDAL,KIDAL,KIDAL,Ville
61,2020-08-12,2020-08-13,Mali,GAO,,,
62,2020-08-12,2020-08-13,Mali,MOPTI,,,
63,2020-08-12,2020-08-13,Mali,SEGOU AND SIKASSO,,,
64,2019-08-24,2019-09-07,Mali,KIDAL,,,
65,2019-08-24,2019-09-07,Mali,KOULIKORO,,,
66,2019-08-24,2019-09-07,Mali,TOMBOUCTOU,,,
67,2019-08-24,2019-09-07,Mali,MÉNAKA,,,
68,2019-08-24,2019-09-07,Mali,MOPTI,,,
69,2019-08-24,2019-09-07,Mali,MOPTI ET MÉNAKA,,,
70,2019-08-07,2019-08-07,,KAYES,GOUMÉRA,,
71,2019-08-07,2019-08-07,,KIDAL,ESSOUK,,
72,2019-08-07,2019-08-07,,KIDAL,INTACHDAYTE,,
73,2019-08-07,2019-08-07,,KIDAL,TESSALIT,,
74,2019-08-07,2019-08-07,,KIDAL,AGUELHOK,,
75,2019-08-07,2019-08-07,,GAO,TAMKOUTAT,,
76,2019-08-07,2019-08-07,,GAO,BOUREM,,
77,2019-08-07,2019-08-07,,GAO,GAO,,
78,2019-08-07,2019-08-07,,KAYES,KITA,,
79,2019-08-07,2019-08-07,,TOMBOUCTOU,NIAFUNKÉ + MORE LOCATIONS,,
80,2019-08-07,2019-08-07,,TOMBOUCTOU,TOMBOUCTOU,,
81,2019-08-07,2019-08-07,,SIKASSO,ZEGOUA,,
82,2019-08-07,2019-08-07,,SIKASSO,SONA,,
83,2019-08-07,2019-08-07,,SIKASSO,KOURY,,
84,2019-08-07,2019-08-07,,SIKASSO,KOUTIALA,,
85,2019-08-07,2019-08-07,,SIKASSO,BIRAMABOUGOU,,
86,2019-08-07,2019-08-07,,SIKASSO,SIKASSO,,
87,2019-08-07,2019-08-07,,KOULIKORO,SANDIA,,
88,2019-08-07,2019-08-07,,KOULIKORO,TOUBAKORO,,
89,2019-08-07,2019-08-07,,KOULIKORO,KÉNÈKOUN,,
90,2019-08-07,2019-08-07,,KOULIKORO,KOLOKANI,,
91,2019-08-07,2019-08-07,,KAYES,KAYES,,
92,2019-08-07,2019-08-07,,TOMBOUCTOU,DIRÉ,,
93,2019-08-07,2019-08-07,,GAO,ANSONGO,,
94,2019-07-23,2019-08-06,Mali,KIDAL,,,
95,2019-07-23,2019-08-06,Mali,KOULIKORO,,,
96,2019-07-23,2019-08-06,Mali,TOMBOUCTOU,,,
97,2019-07-23,2019-08-06,Mali,MÉNAKA,,,
98,2019-07-23,2019-08-06,Mali,MOPTI,,,
99,2019-07-23,2019-08-06,Mali,MOPTI ET MÉNAKA,,,
100,2019-05-16,2019-05-17,Mali,BAMAKO,BAMAKO,,
101,2018-10-12,2018-10-12,,,,KOUORO,
102,2018-10-05,2018-10-05,,,,KOUORO,
103,2018-09-19,2018-09-19,,BAMAKO,BAMAKO,,
104,2018-09-19,2018-09-19,,KAYES,,,
105,2018-09-19,2018-09-19,,KOULIKORO,,,
106,2018-09-19,2018-09-19,,KIDAL,KIDAL,,
107,2018-09-19,2018-09-19,,GAO,,,
108,2018-09-19,2018-09-19,,SIKASSO,,,
109,2018-09-19,2018-09-19,,SÉGOU,,,
110,2018-09-19,2018-09-19,,MOPTI,,,
111,2018-09-19,2018-09-19,,TOMBOUCTOU,,,
112,2018-09-19,2018-09-19,,,MÉNAKA,,
113,2018-09-18,2018-09-18,,,,FALLOU,
114,2018-08-31,2018-08-31,,GAO,GAO,,
115,2018-08-18,2018-08-18,,,DIRÉ,,
116,2018-08-07,2018-08-19,Mali,KAYES,,,"Kayes ville, Goumera, Kita ville, Kolokani ville, Kenekoun, Toubakoro, Sandia, Sikasso ville, Biramabougou, Koutiala, Koury, Sona, Zegoua, Tombouctou, Diré, Niafunké, Gao, Bourem Ansongo, Aguelhok, Tessalit, Intachdayte, Essouk"
117,2018-08-07,2018-08-19,Mali,KOULIKORO,,,"Kayes ville, Goumera, Kita ville, Kolokani ville, Kenekoun, Toubakoro, Sandia, Sikasso ville, Biramabougou, Koutiala, Koury, Sona, Zegoua, Tombouctou, Diré, Niafunké, Gao, Bourem Ansongo, Aguelhok, Tessalit, Intachdayte, Essouk"
118,2018-08-07,2018-08-19,Mali,SIKASSO,,,"Kayes ville, Goumera, Kita ville, Kolokani ville, Kenekoun, Toubakoro, Sandia, Sikasso ville, Biramabougou, Koutiala, Koury, Sona, Zegoua, Tombouctou, Diré, Niafunké, Gao, Bourem Ansongo, Aguelhok, Tessalit, Intachdayte, Essouk"
119,2018-08-07,2018-08-19,Mali,TOMBOUCTOU,,,"Kayes ville, Goumera, Kita ville, Kolokani ville, Kenekoun, Toubakoro, Sandia, Sikasso ville, Biramabougou, Koutiala, Koury, Sona, Zegoua, Tombouctou, Diré, Niafunké, Gao, Bourem Ansongo, Aguelhok, Tessalit, Intachdayte, Essouk"
120,2018-08-07,2018-08-19,Mali,GAO ET KIDAL,,,"Kayes ville, Goumera, Kita ville, Kolokani ville, Kenekoun, Toubakoro, Sandia, Sikasso ville, Biramabougou, Koutiala, Koury, Sona, Zegoua, Tombouctou, Diré, Niafunké, Gao, Bourem Ansongo, Aguelhok, Tessalit, Intachdayte, Essouk"
121,2017-11-30,2017-11-30,,SIKASSO,SIKASSO,,
122,2017-11-30,2017-11-30,,BAMAKO,BAMAKO,BAMAKO,
123,2017-11-30,2017-11-30,,GAO,GAO,,
124,2017-11-30,2017-11-30,,SÉGOU,SÉGOU,,
125,2017-11-30,2017-11-30,,KOULIKORO,,,
126,2017-11-08,2017-11-09,Mali,SEGOU,BLA,DIARAMANA,Farakala
127,2017-11-08,2017-11-09,Mali,SEGOU,BLA,SOMASSO,N'Petiona
128,2017-11-02,2017-11-03,Mali,SIKASSO,SIKASSO,DOGONI,Nagna
129,2017-11-02,2017-11-02,,SIKASSO,,,
130,2017-10-07,2017-10-08,Mali,BAMAKO,BAMAKO,BAMAKO,Bamako
131,2017-09-08,2017-09-09,Mali,MOPTI,MOPTI,SÉVARÉ,Sévaré secteur III
132,2017-09-08,2017-09-09,Mali,MOPTI,MOPTI,FATOMA,
133,,,,,,,
134,2017-09-08,2017-09-08,,MOPTI,MOPTI,SÉVARÉ SECTEUR III,
135,2017-08-27,2017-08-28,Mali,SEGOU,TOMINIAN,MADIAKUY,Kominalo
136,2017-08-24,2017-08-24,,BAMAKO,BAMAKO,,
137,2017-08-24,2017-08-24,,BLA ,BLA ,,
138,2017-08-24,2017-08-24,,,,SOMASSO,
139,2017-08-24,2017-08-24,,,,KONOBOUGOU,
140,2017-08-23,2017-09-06,Mali,SEGOU,,,
141,2017-08-21,2017-08-22,Mali,KAYES,YELIMANE,KREMISS,Kremiss
142,2017-08-21,2017-08-22,Mali,KAYES,YELIMANE,LOGO,Kakoulou
143,2017-08-21,2017-08-22,Mali,SEGOU,SEGOU,SAMA FOULALA,Diado-Wéré
144,2017-08-21,2017-08-21,,KAYES,YÉLIMANÉ,,
145,2017-08-15,2017-08-15,,,,KONOBOUGOU,
146,2017-08-14,2017-08-15,Mali,KOULIKORO,DIOILA,MARKACOUNGO,Gouana
147,2017-08-12,2017-08-12,,SÉGOU,SÉGOU, KONOBOUGOU,
148,2017-08-11,2017-08-12,Mali,SEGOU,SEGOU,KONOBOUGOU,"Konobougou, Gnoukoula et Dioni-Pissa"
149,2017-08-11,2017-08-11,,,,SOMASSO,
150,2017-08-09,2017-08-10,Mali,SEGOU,SEGOU,PLENGANA,Dougadougou
151,2017-08-09,2017-08-09,,SÉGOU,SÉGOU, PLENGANA NORD,
152,2017-08-08,2017-08-09,Mali,SEGOU,NIONO,POGO,Tinzana
153,2017-07-24,2017-07-25,Mali,SIKASSO,SIKASSO,NIENA,Tiola Niena
154,2017-07-24,2017-07-25,Mali,SIKASSO,BOUGOUNI,TIENFALA,Tienfala
155,2017-07-24,2017-07-24,,SIKASSO,,,
156,2017-07-23,2017-08-06,Mali,SEGOU,,,
157,2017-07-21,2017-07-21,,SÉGOU,,,
158,2017-07-20,2017-07-21,Mali,MOPTI,KORO,DINANGOUROU,Douari
159,2017-07-18,2017-07-18,,BAMAKO,BAMAKO,BAMAKO,
160,2017-07-08,2017-07-08,,,,FALLOU,
161,2017-07-07,2017-07-08,Mali,KOULIKORO,NARA,FALOU,Falou
162,2017-06-22,2017-06-23,Mali,KAYES,YELIMANE,KEMENÉ TAMBO,Kemené Tambo
163,2017-06-22,2017-06-23,Mali,KAYES,KAYES,KOUSSANE,Moussala
164,2017-06-22,2017-06-22,,KAYES,YÉLIMANÉ,,
165,2017-06-22,2017-06-22,,,,NIAMBIA,
166,2017-06-20,2017-06-21,Mali,TOMBOUCTOU,,,Er-Intedjefti-I
167,2017-06-20,2017-06-21,Mali,TOMBOUCTOU,DOUENTZA,HOMBORI,Hombori
168,2017-06-18,2017-06-19,Mali,KAYES,NIORO,GUOGUI,Guogui
169,2017-06-17,2017-06-18,Mali,TOMBOUCTOU,NIANFUNKÉ,,Doulabougou
170,2017-06-17,2017-06-18,Mali,TOMBOUCTOU,,,Echelle
171,2017-05-27,2017-05-28,Mali,SEGOU,SAN,BLA,Bla
172,2017-05-14,2017-05-15,Mali,KOULIKORO,DIOLA,ZAN COULIBALY,Zantiguila
173,2017-05-14,2017-05-14,,KOULIKORO,DIOILA,,
174,2017-03-09,2017-03-10,Mali,KOULIKORO,NARA,NIAMANA,Gallo
175,2017-01-09,2017-01-10,Mali,SEGOU,SEGOU,KONODIMINI,Ouentebougou
176,2017-01-01,2017-01-15,Mali,KAYES,,,
177,2017-01-01,2017-01-15,Mali,KOULIKORO,,,
178,2017-01-01,2017-01-15,Mali,SIKASSO,,,
179,2017-01-01,2017-01-15,Mali,SEGOU,,,
180,2017-01-01,2017-01-15,Mali,MOPTI,,,
181,2017-01-01,2017-01-15,Mali,TOMBOUCTOU,,,
182,2017-01-01,2017-01-15,Mali,GAO,,,
183,2017-01-01,2017-01-15,Mali,KIDAL,,,
184,2017-01-01,2017-01-15,Mali,BAMAKO,,,
185,2016-11-12,2016-11-12,,MOPTI,MOPTI,,
186,2016-08-10,2016-08-10,,,,KONNA,
187,2016-08-04,2016-08-04,,KOULIKORO,KOULIKORO,,
188,2016-08-04,2016-08-04,,BAMAKO,BAMAKO,,
189,2016-08-02,2016-08-02,,SIKASSO,SIKASSO,,
190,2016-08-02,2016-08-02,,GAO,GAO,,
191,2016-08-02,2016-08-02,,KOULIKORO,KOULIKORO,,
192,2016-08-01,2016-08-01,,BAMAKO,BAMAKO,,
193,2016-08-01,2016-08-01,,TOMBOUCTOU,TOMBOUCTOU,,
194,2016-08-01,2016-08-01,,,MÉNAKA,,
195,2016-08-01,2016-08-01,,KOULIKORO,KOULIKORO,,
196,2016-08-01,2016-08-01,,GAO,GAO,,
197,2016-08-01,2016-08-01,,MOPTI,MOPTI,,
198,2016-08-01,2016-08-01,,KIDAL,KIDAL,,
199,2016-08-01,2016-08-01,,SÉGOU,SÉGOU,,
200,2016-08-01,2016-08-01,,SIKASSO,SIKASSO,,
201,2016-07-28,2016-07-28,,SIKASSO,SIKASSO,,
202,2016-07-27,2016-07-27,,KOULIKORO,KOULIKORO,,
203,2016-07-20,2016-07-20,,,,FALO,
204,2016-07-18,2016-07-18,,,DOUENTZA,DOUENTZA,
205,2016-07-11,2016-07-23,Mali,GAO,,,
206,2016-07-11,2016-07-23,Mali,MOPTI,,,
207,2016-07-11,2016-07-23,Mali,SEGOU,,,
208,2016-07-11,2016-07-23,Mali,SIKASSO,,,
209,2016-07-11,2016-07-23,Mali,BAMAKO,,,
210,2016-07-11,2016-07-23,Mali,KOULIKORO,,,
211,2016-07-10,2016-07-23,Mali,GAO,,,
212,2016-07-10,2016-07-23,Mali,MOPTI,,,
213,2016-07-10,2016-07-23,Mali,SEGOU,,,
214,2016-07-10,2016-07-23,Mali,SIKASSO,,,
215,2016-07-10,2016-07-23,Mali,BAMAKO,,,
216,2016-07-10,2016-07-23,Mali,KOULIKORO,,,
217,2016-07-09,2016-07-23,Mali,GAO,,,
218,2016-07-09,2016-07-23,Mali,MOPTI,,,
219,2016-07-09,2016-07-23,Mali,SEGOU,,,
220,2016-07-09,2016-07-23,Mali,SIKASSO,,,
221,2016-07-09,2016-07-23,Mali,BAMAKO,,,
222,2016-07-09,2016-07-23,Mali,KOULIKORO,,,
223,2015-09-03,2015-09-03,,GAO,GAO,,
224,2015-09-02,2015-09-02,,,,,
225,2015-08-10,2015-08-10,,,,,
226,2015-08-08,2015-08-09,Mali,MENAKA DISTRICT (GAO PROVINCE),,,
227,2015-08-07,2015-08-09,Mali,MENAKA DISTRICT (GAO PROVINCE),,,
228,2015-07-31,2015-07-31,,,MACINA,MACINA,
229,2014-11-16,2014-11-16,,SIKASSO,YOROSSO,YOROSSO,
230,2014-10-13,2014-10-13,,DISTRICT BAMAKO ,,,
231,2014-08-23,2014-08-23,,DISTRICT BAMAKO ,DISTRICT,DISTRICT,
232,2014-08-15,2014-08-15,,KAYES,KAYES,,
233,2014-08-06,2014-08-06,,DISTRICT BAMAKO ,DISTRICT,DISTRICT,
234,2014-08-04,2014-08-04,,SIKASSO,KOUTIALA,M'PESSOBA,
235,2014-07-22,2014-07-22,,MOPTI,MOPTI,SIO,
236,2014-07-03,2014-07-03,,SIKASSO,KOUTIALA,N'GOUTJIN,
237,2014-06-22,2014-06-22,,KOULIKORO,BANAMBA,BANAMBA,
238,2014-06-10,2014-06-10,,SEGOU,SEGOU,SEBOUGOU,
239,2014-06-05,2014-06-05,,BAMAKO,BAMAKO,,
240,2014-06-02,2014-06-02,,KAYES,KITA,KITA-COMM,
241,2014-06-02,2014-06-02,,DISTRICT BAMAKO ,DISTRICT,DISTRICT,
242,2013-09-26,2013-09-26,,MOPTI,BANDIAGAR,BANDIAGAR,
243,2013-09-15,2013-09-15,,DISTRICT BAMAKO ,DISTRICT,DISTRICT,
244,2013-09-14,2013-09-14,,MOPTI,DOUENTZA,DJAPTODJI,
245,2013-09-13,2013-09-13,,DISTRICT BAMAKO ,DISTRICT,DISTRICT,
246,2013-09-09,2013-09-09,,KAYES,KAYES,KAYES,
247,2013-09-08,2013-09-08,,BAMAKO,BAMAKO,,
248,2013-09-07,2013-09-07,,SEGOU,SAN,DJEGUENA,
249,2013-09-06,2013-09-06,,DISTRICT BAMAKO ,DISTRICT,DISTRICT,
250,2013-09-05,2013-09-05,,DISTRICT BAMAKO ,DISTRICT,DISTRICT,
251,2013-09-04,2013-09-04,,SEGOU,NIONO,DOGOFRY,
252,2013-09-03,2013-09-03,,KOULIKORO,KATI,DIALAKORO,
253,2013-09-03,2013-09-03,,SEGOU,NIONO,DOGOFRY,
254,2013-08-31,2013-08-31,,BAMAKO,BAMAKO,,
255,2013-08-29,2013-08-30,Mali,BAMAKO,BAMAKO,,
256,2013-08-28,2013-08-28,,KOULIKORO,KATI,KATI-COMM,
257,2013-08-26,2013-08-26,,MOPTI,BANDIAGAR,BANDIAGAR,
258,2013-08-21,2013-08-21,,SEGOU,SEGOU,KONODIMIN,
259,2013-08-14,2013-08-14,,SIKASSO,YANFOLILA,WASSOULOU,
260,2013-08-13,2013-08-13,,KAYES,KITA,SEBEKORO,
261,2013-08-13,2013-08-13,,KAYES,YELIMANE,KREMIS,
262,2013-08-11,2013-08-11,,SEGOU,NIONO,,
263,2013-08-09,2013-08-10,Mali,SEGOU,NIONO,,"Diabaly, Aguelhok, Tessalit "
264,2013-08-09,2013-08-10,Mali,KIDAL,NIONO,,"Diabaly, Aguelhok, Tessalit "
265,2013-08-09,2013-08-10,Mali,SEGOU,AGUELHOK,,"Diabaly, Aguelhok, Tessalit "
266,2013-08-09,2013-08-10,Mali,KIDAL,AGUELHOK,,"Diabaly, Aguelhok, Tessalit "
267,2013-08-09,2013-08-10,Mali,SEGOU,TESSALIT,,"Diabaly, Aguelhok, Tessalit "
268,2013-08-09,2013-08-10,Mali,KIDAL,TESSALIT,,"Diabaly, Aguelhok, Tessalit "
269,2013-08-07,2013-08-07,,SEGOU,SAN,SAN-COMMU,
270,2013-06-28,2013-06-28,,KAYES,KAYES,BANGASSI,
271,2013-06-28,2013-06-28,,KAYES,KAYES,HAWA-DEMB,
272,2013-06-28,2013-06-28,,KAYES,KAYES,LOGO,
273,2013-05-17,2013-05-17,,KAYES,BAFOULABE,KOUNDIAN,
274,2012-10-06,2012-10-06,,SIKASSO,KOUTIALA,KOUTIALA-,
275,2012-09-24,2012-09-24,,KAYES,BAFOULABE,MAHINA,
276,2012-09-24,2012-09-24,,KAYES,BAFOULABE,NIAMBIA,
277,2012-09-14,2012-09-14,,SIKASSO,BOUGOUNI,GARALO,
278,2012-09-08,2012-09-08,,SIKASSO,KOUTIALA,KOUTIALA-,
279,2012-09-08,2012-09-08,,SEGOU,SAN,WAKI,
280,2012-09-05,2012-09-05,,SIKASSO,KOUTIALA,ZANINA,
281,2012-09-03,2012-09-03,,SEGOU,BARAOUELI,BOIDIE,
282,2012-09-03,2012-09-03,,KOULIKORO,KOULIKORO,KOULIKORO,
283,2012-09-03,2012-09-03,,SEGOU,NIONO,MARIKO,
284,2012-09-03,2012-09-03,,SEGOU,NIONO,NIONO,
285,2012-09-03,2012-09-03,,SEGOU,NIONO,DIABALY,
286,2012-09-03,2012-09-03,,SEGOU,NIONO,SIRIFILA-,
287,2012-09-01,2012-09-01,,SIKASSO,KOUTIALA,KOUTIALA-,
288,2012-09-01,2012-09-01,,SIKASSO,YOROSSO,KOUMBIA,
289,2012-08-30,2012-08-30,,MOPTI,DOUENTZA,MONDORO,
290,2012-08-30,2012-08-30,,SIKASSO,YOROSSO,KOURY,
291,2012-08-30,2012-08-30,,KAYES,BAFOULABE,MAHINA,
292,2012-08-30,2012-08-30,,KAYES,NIORO,SANDARE,
293,2012-08-30,2012-08-30,,KAYES,BAFOULABE,BAFOULABE,
294,2012-08-28,2012-08-28,,KAYES,YELIMANE,KREMIS,
295,2012-08-27,2012-08-27,,SEGOU,SAN,DIELI,
296,2012-08-27,2012-08-27,,SEGOU,SAN,TENE,
297,2012-08-27,2012-08-27,,SEGOU,SAN,KASSOROLA,
298,2012-08-27,2012-08-27,,SEGOU,SAN,WAKI,
299,2012-08-27,2012-08-27,,MOPTI,MOPTI,BASSIROU,
300,2012-08-26,2012-08-26,,KAYES,BAFOULABE,KOUNDIAN,
301,2012-08-25,2012-08-25,,KAYES,YELIMANE,SOUMPOU,
302,2012-08-24,2012-08-24,,SIKASSO,KOUTIALA,ZANFIGUE,
303,2012-08-24,2012-08-24,,SEGOU,SEGOU,MASSALA,
304,2012-08-24,2012-08-24,,SIKASSO,YANFOLILA,TAGANDOUG,
305,2012-08-24,2012-08-24,,KAYES,BAFOULABE,KONTELA,
306,2012-08-24,2012-08-24,,KAYES,KITA,BOUDOFO,
307,2012-08-24,2012-08-24,,SEGOU,SEGOU,MARKALA,
308,2012-08-24,2012-08-24,,SEGOU,SEGOU,CINZANA,
309,2012-08-24,2012-08-24,,SIKASSO,KOLONDIEB,KADIANA,
310,2012-08-24,2012-08-24,,KAYES,YELIMANE,TRINGA,
311,2012-08-24,2012-08-24,,SEGOU,BARAOUELI,GOUENDO,
312,2012-08-23,2012-09-06,Mali,SEGOU,,,
313,2012-08-23,2012-09-06,Mali,KOULIKORO,,,
314,2012-08-23,2012-09-06,Mali,SIKASSO,KOLONDIEB,,
315,2012-08-23,2012-09-06,Mali,KAYES MOPTI,,,
316,2012-08-23,2012-08-23,,MOPTI,KORO,BARAPIREL,
317,2012-08-23,2012-08-23,,SIKASSO,SIKASSO,LOBOUGOUL,
318,2012-08-22,2012-08-22,,MOPTI,MOPTI,MOPTI-COM,
319,2012-08-22,2012-08-22,,SIKASSO,SIKASSO,SIKASSO-C,
320,2012-08-22,2012-08-22,,SIKASSO,SIKASSO,FINKOLO,
321,2012-08-21,2012-08-21,,KAYES,KAYES,KAYES-COM,
322,2012-08-21,2012-08-21,,SIKASSO,KOUTIALA,,
323,2012-08-20,2012-08-20,,SIKASSO,KOUTIALA,KONINA,
324,2012-08-19,2012-08-19,,DISTRICT BAMAKO ,DISTRICT,DISTRICT,
325,2012-08-19,2012-08-19,,MOPTI,KORO,BONDO,
326,2012-08-19,2012-08-19,,SEGOU,BLA,KEMENI,
327,2012-08-19,2012-08-19,,SEGOU,BLA,DIENA,
328,2012-08-19,2012-08-19,,SEGOU,BLA,TIEMENA,
329,2012-08-19,2012-08-19,,SEGOU,BLA,YANGASSO,
330,2012-08-19,2012-08-19,,SEGOU,SEGOU,FATINE,
331,2012-08-19,2012-08-19,,SEGOU,BLA,FANI,
332,2012-08-19,2012-08-19,,SEGOU,BLA,BLA,
333,2012-08-15,2012-08-15,,SIKASSO,YOROSSO,YOROSSO,
334,2012-08-14,2012-08-14,,SIKASSO,YOROSSO,MENAMBA1,
335,2012-08-14,2012-08-14,,SEGOU,BARAOUELI,SANANDO,
336,2012-08-14,2012-08-14,,KAYES,KAYES,HAWA-DEMB,
337,2012-08-14,2012-08-14,,SEGOU,BARAOUELI,GOUENDO,
338,2012-08-14,2012-08-14,,KAYES,KAYES,KEMENE-TA,
339,2012-08-14,2012-08-14,,SIKASSO,KOUTIALA,SOROBASSO,
340,2012-08-11,2012-08-11,,DISTRICT BAMAKO ,DISTRICT,DISTRICT,
341,2012-08-09,2012-08-09,,KAYES,BAFOULABE,BAMAFELE,
342,2012-08-09,2012-08-09,,KAYES,BAFOULABE,MAHINA,
343,2012-08-09,2012-08-09,,KAYES,BAFOULABE,DIOKELI,
344,2012-08-08,2012-08-08,,KAYES,KENIEBA,SITAKILY,
345,2012-08-08,2012-08-08,,MOPTI,DJENNE,MADIAMA,
346,2012-08-08,2012-08-08,,MOPTI,DJENNE,DANDOUDOU,
347,2012-08-07,2012-08-07,,SEGOU,SEGOU,CINZANA,
348,2012-08-07,2012-08-07,,SEGOU,TOMINIAN,YASSO,
349,2012-08-07,2012-08-07,,SEGOU,SEGOU,FATINE,
350,2012-08-07,2012-08-07,,SEGOU,TOMINIAN,OUAN,
351,2012-08-07,2012-08-07,,SEGOU,TOMINIAN,TIMISSA,
352,2012-08-07,2012-08-07,,GAO,MENAKA,MENAKA,
353,2012-08-07,2012-08-07,,SEGOU,TOMINIAN,MAFOUNE,
354,2012-08-07,2012-08-07,,SEGOU,TOMINIAN,TOMINIAN,
355,2012-08-07,2012-08-07,,SIKASSO,YANFOLILA,TAGANDOUG,
356,2012-08-07,2012-08-07,,SEGOU,TOMINIAN,SANEKUY,
357,2012-08-07,2012-08-07,,SEGOU,TOMINIAN,FANGASSO,
358,2012-08-03,2012-08-03,,KAYES,NIORO,NIORO-COM,
359,2012-08-03,2012-08-03,,SEGOU,SEGOU,KATIENA,
360,2012-08-01,2012-08-01,,KAYES,KITA,KOKOFATA,
361,2012-07-25,2012-07-25,,KAYES,DIEMA,LAKAMANE,
362,2012-07-25,2012-07-25,,KAYES,DIEMA,SANSANKID,
363,2012-07-23,2012-07-23,,SIKASSO,BOUGOUNI,BOUGOUNI-,
364,2012-07-22,2012-08-05,Mali,,,,
365,2012-07-22,2012-07-22,,KAYES,DIEMA,DIEMA,
366,2012-07-19,2012-07-19,,SIKASSO,SIKASSO,KOUROUMA,
367,2012-07-13,2012-07-13,,KAYES,YELIMANE,FANGA,
368,2012-07-12,2012-07-12,,KOULIKORO,NARA,DILLY,
369,2012-07-06,2012-07-06,,SIKASSO,SIKASSO,KOUROUMA,
370,2012-07-06,2012-07-06,,SIKASSO,KOLONDIEB,KADIANA,
371,2012-06-24,2012-06-24,,KAYES,BAFOULABE,DIAKON,
372,2012-06-02,2012-06-02,,KAYES,KAYES,BANGASSI,
373,2012-06-02,2012-06-02,,KAYES,KAYES,KONIAKARY,
374,2012-06-02,2012-06-02,,KAYES,KAYES,KHOULOUM,
375,2012-05-14,2012-05-14,,KOULIKORO,BANAMBA,BANAMBA,
376,2012-05-14,2012-05-14,,KOULIKORO,BANAMBA,BORON,
377,2011-08-31,2011-08-31,,KAYES,KAYES,FEGUI,
378,2011-08-30,2011-08-30,,KAYES,KAYES,KAYES-COM,
379,2011-08-22,2011-08-22,,KOULIKORO,DIOILA,N'GOLOBOU,
380,2011-08-22,2011-08-22,,KOULIKORO,DIOILA,BANCO,
381,2011-08-21,2011-08-21,,KOULIKORO,KANGABA,MINIDIAN,
382,2011-08-20,2011-08-20,,TOMBOUCTO,GOURMA-RH,GOSSI,
383,2011-08-19,2011-08-19,,KOULIKORO,KATI,BANCOUMAN,
384,2011-08-19,2011-08-19,,KOULIKORO,KANGABA,BALAN-BAK,
385,2011-08-10,2011-08-10,,KOULIKORO,KATI,BANCOUMAN,
386,2011-08-10,2011-08-10,,KOULIKORO,KANGABA,MINIDIAN,
387,2011-08-10,2011-08-10,,KOULIKORO,KANGABA,NARENA,
388,2011-08-01,2011-08-15,Mali,TOMBOUCTOU,,,"Goudam, Gossi, Sana, Kidal ville, Diboly, Kangaba"
389,2011-08-01,2011-08-15,Mali,MOPTI,,,"Goudam, Gossi, Sana, Kidal ville, Diboly, Kangaba"
390,2011-08-01,2011-08-15,Mali,KIDAL,,,"Goudam, Gossi, Sana, Kidal ville, Diboly, Kangaba"
391,2011-08-01,2011-08-15,Mali,KAYES,,,"Goudam, Gossi, Sana, Kidal ville, Diboly, Kangaba"
392,2011-08-01,2011-08-15,Mali,KOULIKORO,,,"Goudam, Gossi, Sana, Kidal ville, Diboly, Kangaba"
393,2011-07-26,2011-07-26,,MOPTI,DOUENTZA,DOUENTZA,
394,2011-07-18,2011-07-18,,GAO,BOUREM,BOUREM,
395,2011-07-15,2011-07-15,,TOMBOUCTO,GOUNDAM,GOUNDAM,
396,2011-07-01,2011-07-15,Mali,TOMBOUCTOU,,,"Goudam, Gossi, Sana, Kidal ville, Diboly, Kangaba"
397,2011-07-01,2011-07-15,Mali,MOPTI,,,"Goudam, Gossi, Sana, Kidal ville, Diboly, Kangaba"
398,2011-07-01,2011-07-15,Mali,KIDAL,,,"Goudam, Gossi, Sana, Kidal ville, Diboly, Kangaba"
399,2011-07-01,2011-07-15,Mali,KAYES,,,"Goudam, Gossi, Sana, Kidal ville, Diboly, Kangaba"
400,2011-07-01,2011-07-15,Mali,KOULIKORO,,,"Goudam, Gossi, Sana, Kidal ville, Diboly, Kangaba"
401,2011-03-28,2011-03-28,,TOMBOUCTO,GOUNDAM,DOUEKIRE,
402,2011-03-21,2011-03-21,,TOMBOUCTO,GOUNDAM,ADARMALAN,
403,2010-11-18,2010-11-18,,DISTRICT BAMAKO ,DISTRICT,DISTRICT,
404,2010-11-17,2010-11-17,,MOPTI,DOUENTZA,DOUENTZA,
405,2010-11-09,2010-11-09,,DISTRICT BAMAKO ,DISTRICT,DISTRICT,
406,2010-10-10,2010-10-10,,SIKASSO,SIKASSO,KOUORO,
407,2010-10-04,2010-10-05,Mali,KAYES,,,
408,2010-10-04,2010-10-05,Mali,KOULIKORO,,,
409,2010-10-04,2010-10-05,Mali,SEGOU,,,
410,2010-10-04,2010-10-05,Mali,SIKASSO,,,
411,2010-10-04,2010-10-05,Mali,MOPTI,,,
412,2010-10-04,2010-10-05,Mali,TOMBOUCTOU,,,
413,2010-10-04,2010-10-05,Mali,GAO,,,
414,2010-10-04,2010-10-05,Mali,KIDAL,,,
415,2010-10-04,2010-10-05,Mali,BAMAKO,,,
416,2010-09-28,2010-09-28,,SEGOU,MACINA,KOLONGO,
417,2010-09-26,2010-09-26,,DISTRICT BAMAKO ,DISTRICT,DISTRICT,
418,2010-09-24,2010-09-24,,SEGOU,BLA,KORODOUGO,
419,2010-09-24,2010-09-24,,SEGOU,NIONO,NIONO,
420,2010-09-21,2010-09-21,,KAYES,BAFOULABE,KONTELA,
421,2010-09-20,2010-09-20,,SEGOU,BLA,KAZANGASS,
422,2010-09-20,2010-09-20,,SEGOU,BLA,YANGASSO,
423,2010-09-20,2010-09-20,,SEGOU,TOMINIAN,TOMINIAN,
424,2010-09-20,2010-09-20,,MOPTI,MOPTI,MOPTI-COM,
425,2010-09-19,2010-09-19,,DISTRICT BAMAKO ,DISTRICT,DISTRICT,
426,2010-09-18,2010-09-18,,KOULIKORO,KATI,KALABANCO,
427,2010-09-18,2010-09-18,,MOPTI,MOPTI,KOUNARI,
428,2010-09-18,2010-09-18,,TOMBOUCTO,NIAFUNKE,SOUMPI,
429,2010-09-17,2010-09-17,,SEGOU,BLA,KORODOUGO,
430,2010-09-17,2010-09-17,,SEGOU,BLA,YANGASSO,
431,2010-09-16,2010-09-16,,SEGOU,BLA,FANI,
432,2010-09-15,2010-09-15,,SEGOU,TOMINIAN,YASSO,
433,2010-09-15,2010-09-15,,SEGOU,BLA,YANGASSO,
434,2010-09-15,2010-09-15,,SEGOU,BARAOUELI,SANANDO,
435,2010-09-14,2010-09-14,,KAYES,KAYES,FALEME,
436,2010-09-14,2010-09-14,,SEGOU,SAN,SAN-COMMU,
437,2010-09-14,2010-09-14,,SEGOU,MACINA,KOLONGO,
438,2010-09-13,2010-09-13,,SEGOU,NIONO,NIONO,
439,2010-09-13,2010-09-13,,SEGOU,NIONO,DIABALY,
440,2010-09-13,2010-09-13,,SEGOU,NIONO,MARIKO,
441,2010-09-13,2010-09-13,,SEGOU,NIONO,SOKOLO,
442,2010-09-13,2010-09-13,,SEGOU,NIONO,DOGOFRY,
443,2010-09-12,2010-09-12,,KAYES,KITA,KOKOFATA,
444,2010-09-12,2010-09-12,,KAYES,KAYES,FEGUI,
445,2010-09-12,2010-09-12,,KAYES,NIORO,,
446,2010-09-12,2010-09-12,,KAYES,KENIEBA,KROUKOTO,
447,2010-09-12,2010-09-12,,KAYES,KITA,KITA-OUES,
448,2010-09-12,2010-09-12,,KAYES,YELIMANE,GORY,
449,2010-09-12,2010-09-12,,KAYES,YELIMANE,GUIDIME,
450,2010-09-12,2010-09-12,,KAYES,BAFOULABE,MAHINA,
451,2010-09-12,2010-09-12,,KAYES,KENIEBA,DABIA,
452,2010-09-11,2010-09-11,,SEGOU,MACINA,FOLOMANA,
453,2010-09-11,2010-09-11,,SEGOU,MACINA,TONGUE,
454,2010-09-11,2010-09-11,,KOULIKORO,KOULIKORO,KOULIKORO,
455,2010-09-09,2010-09-09,,MOPTI,MOPTI,MOPTI-COM,
456,2010-09-09,2010-09-09,,SEGOU,SEGOU,SAMINE,
457,2010-09-09,2010-09-09,,SIKASSO,BOUGOUNI,SANSO,
458,2010-09-09,2010-09-09,,KOULIKORO,NARA,NIAMANA,
459,2010-09-09,2010-09-09,,KOULIKORO,NARA,OUAGADOU,
460,2010-09-09,2010-09-09,,SIKASSO,BOUGOUNI,ZANTIEBOU,
461,2010-09-08,2010-09-08,,SEGOU,TOMINIAN,TOMINIAN,
462,2010-09-06,2010-09-06,,SEGOU,SAN,DAH,
463,2010-09-06,2010-09-06,,KOULIKORO,KOULIKORO,KOULA,
464,2010-09-06,2010-09-06,,SEGOU,SAN,TENE,
465,2010-09-06,2010-09-06,,SEGOU,SAN,SAN-COMMU,
466,2010-09-05,2010-09-05,,KAYES,BAFOULABE,KOUNDIAN,
467,2010-09-05,2010-09-05,,SIKASSO,SIKASSO,SIKASSO-C,
468,2010-09-04,2010-09-04,,KOULIKORO,KANGABA,MARAMANDO,
469,2010-09-03,2010-09-03,,SIKASSO,KOUTIALA,KONINGUE,
470,2010-09-03,2010-09-03,,DISTRICT BAMAKO ,DISTRICT,DISTRICT,
471,2010-09-03,2010-09-03,,SIKASSO,KOUTIALA,SONGO-DOU,
472,2010-09-03,2010-09-03,,MOPTI,KORO,DINANGOUR,
473,2010-09-03,2010-09-03,,KOULIKORO,KATI,KALABANCO,
474,2010-09-01,2010-09-01,,SEGOU,BARAOUELI,SANANDO,
475,2010-09-01,2010-09-01,,KOULIKORO,KATI,N'GABACOR,
476,2010-09-01,2010-09-01,,TOMBOUCTO,TOMBOUCTO,TOMBOUCTO,
477,2010-09-01,2010-09-01,,SEGOU,BARAOUELI,KONOBOUGO,
478,2010-09-01,2010-09-01,,SIKASSO,KOUTIALA,KOUTIALA-,
479,2010-09-01,2010-09-01,,KOULIKORO,KOLOKANI,KOLOKANI,
480,2010-08-31,2010-08-31,,TOMBOUCTO,GOUNDAM,ISSA-BERY,
481,2010-08-30,2010-08-30,,KOULIKORO,NARA,FALLOU,
482,2010-08-29,2010-08-29,,SEGOU,NIONO,SOKOLO,
483,2010-08-29,2010-08-29,,SEGOU,NIONO,NAMPALARI,
484,2010-08-28,2010-08-28,,GAO,GAO,GAO,
485,2010-08-28,2010-08-28,,GAO,ANSONGO,ANSONGO,
486,2010-08-27,2010-08-27,,DISTRICT BAMAKO ,DISTRICT,DISTRICT,
487,2010-08-24,2010-08-24,,KOULIKORO,BANAMBA,TOUBACORO,
488,2010-08-23,2010-08-23,,SEGOU,BARAOUELI,SANANDO,
489,2010-08-21,2010-08-21,,KAYES,BAFOULABE,KOUNDIAN,
490,2010-08-21,2010-08-21,,SEGOU,BARAOUELI,TESSERLA,
491,2010-08-18,2010-08-18,,SEGOU,SEGOU,SIBILA,
492,2010-08-15,2010-08-15,,SEGOU,BARAOUELI,SANANDO,
493,2010-08-14,2010-08-14,,SEGOU,BARAOUELI,SANANDO,
494,2010-08-13,2010-08-13,,KAYES,KAYES,LIBERTE-D,
495,2010-08-13,2010-08-13,,MOPTI,KORO,DOUGOUTEN,
496,2010-08-13,2010-08-13,,SIKASSO,KOUTIALA,KOUTIALA-,
497,2010-08-13,2010-08-13,,MOPTI,BANKASS,BANKASS,
498,2010-08-13,2010-08-13,,SEGOU,BARAOUELI,SANANDO,
499,2010-08-12,2010-08-12,,MOPTI,BANDIAGAR,BANDIAGAR,
500,2010-08-11,2010-08-12,Mali,TOMBOUCTOU,TOMBOUCTOU,,
501,2010-08-11,2010-08-11,,SIKASSO,KOUTIALA,KAFO-FABO,
502,2010-08-11,2010-08-11,,SEGOU,SEGOU,SANSANDIN,
503,2010-08-08,2010-08-08,,SEGOU,BLA,KORODOUGO,
504,2010-08-08,2010-08-08,,SEGOU,MACINA,MONIMPEBO,
505,2010-08-06,2010-08-06,,TOMBOUCTO,TOMBOUCTO,SALAM,
506,2010-08-04,2010-08-04,,DISTRICT BAMAKO ,DISTRICT,DISTRICT,
507,2010-08-01,2010-08-01,,KOULIKORO,KATI,N'GABACOR,
508,2010-08-01,2010-08-01,,KIDAL,KIDAL,KIDAL,
509,2010-08-01,2010-08-01,,MOPTI,BANKASS,BANKASS,
510,2010-08-01,2010-08-01,,GAO,GAO,GAO,
511,2010-08-01,2010-08-01,,SIKASSO,KOUTIALA,M'PESSOBA,
512,2010-08-01,2010-08-01,,KIDAL,TESSALIT,TESSALIT,
513,2010-08-01,2010-08-01,,TOMBOUCTO,TOMBOUCTO,BER,
514,2010-08-01,2010-08-01,,SEGOU,NIONO,SOKOLO,
515,2010-08-01,2010-08-01,,DISTRICT BAMAKO ,DISTRICT,DISTRICT,
516,2010-07-27,2010-07-27,,KOULIKORO,KATI,MORIBABOU,
517,2010-07-23,2010-07-23,,KOULIKORO,DIOILA,GUEGNEKA,
518,2010-07-23,2010-07-23,,SEGOU,BARAOUELI,TAMANI,
519,2010-07-23,2010-07-23,,SEGOU,SEGOU,SANSANDIN,
520,2010-07-23,2010-07-23,,SEGOU,BARAOUELI,BOIDIE,
521,2010-07-22,2010-07-22,,TOMBOUCTO,GOURMA-RH,GOSSI,
522,2010-07-22,2010-07-22,,MOPTI,DOUENTZA,HOMBORI,
523,2010-07-21,2010-07-21,,TOMBOUCTO,TOMBOUCTO,BER,
524,2010-07-20,2010-07-20,,GAO,GAO,GAO,
525,2010-07-19,2010-07-19,,KOULIKORO,DIOILA,GUEGNEKA,
526,2010-07-19,2010-07-19,,KOULIKORO,DIOILA,ZAN-COULI,
527,2010-07-16,2010-07-16,,KIDAL,TESSALIT,ADJELHOC,
528,2010-07-12,2010-07-12,,TOMBOUCTOU,TOMBOUCTOU,,
529,2010-07-11,2010-07-11,,TOMBOUCTO,TOMBOUCTO,TOMBOUCTO,
530,2010-07-11,2010-07-11,,SEGOU,SEGOU,PELENGANA,
531,2010-07-11,2010-07-11,,SEGOU,SEGOU,SEGOU-COM,
532,2010-07-11,2010-07-11,,SEGOU,SEGOU,SANSANDIN,
533,2010-07-11,2010-07-11,,SEGOU,SEGOU,SEBOUGOU,
534,2010-07-09,2010-07-09,,KOULIKORO,DIOILA,GUEGNEKA,
535,2010-07-08,2010-07-08,,SEGOU,BARAOUELI,KONOBOUGO,
536,2010-07-02,2010-07-02,,TOMBOUCTO,GOURMA-RH,INADIATAF,
537,2010-07-02,2010-07-02,,KOULIKORO,BANAMBA,BORON,
538,2010-07-01,2010-07-01,,KOULIKORO,BANAMBA,TOUBACORO,
539,2010-06-27,2010-06-27,,SEGOU,SEGOU,SEGOU-COM,
540,2010-06-27,2010-06-27,,SEGOU,SEGOU,SEBOUGOU,
541,2010-06-25,2010-06-25,,SEGOU,MACINA,MACINA,
542,2010-06-24,2010-06-24,,SIKASSO,YANFOLILA,BAYA,
543,2010-06-14,2010-06-14,,GAO,GAO,ANCHAWADI,
544,2010-06-10,2010-06-10,,KAYES,BAFOULABE,BAFOULABE,
545,2010-06-10,2010-06-10,,SEGOU,SAN,DIELI,
546,2010-06-09,2010-06-09,,MOPTI,DOUENTZA,DJAPTODJI,
547,2010-06-09,2010-06-09,,MOPTI,MOPTI,MOPTI-COM,
548,2010-06-01,2010-06-01,,MOPTI,TENENKOU,TENENKOU,
549,2010-05-17,2010-05-17,,KOULIKORO,KOULIKORO,MEGUETAN,
550,2010-05-08,2010-05-08,,KOULIKORO,KOLOKANI,,
551,2010-05-08,2010-05-08,,KAYES,BAFOULABE,MAHINA,
552,2010-05-07,2010-05-07,,KOULIKORO,KOLOKANI,OUOLODO,
553,2010-05-07,2010-05-07,,KOULIKORO,KOLOKANI,MASSANTOL,
554,2010-05-07,2010-05-07,,KOULIKORO,DIOILA,ZAN-COULI,
555,2010-04-19,2010-04-19,,SIKASSO,SIKASSO,KIGNAN,
556,2010-04-04,2010-04-04,,KAYES,KAYES,,
557,2009-10-31,2009-10-31,,MOPTI,DJENNE,DJENNE,
558,2009-10-25,2009-10-25,,TOMBOUCTO,TOMBOUCTO,TOMBOUCTO,
559,2009-09-20,2009-09-20,,SEGOU,TOMINIAN,TOMINIAN,
560,2009-09-18,2009-09-18,,SEGOU,MACINA,MACINA,
561,2009-09-18,2009-09-18,,KOULIKORO,KOULIKORO,DINANDOUG,
562,2009-09-18,2009-09-18,,KOULIKORO,KATI,OUELESSEB,
563,2009-09-13,2009-09-13,,SEGOU,MACINA,MACINA,
564,2009-09-13,2009-09-13,,SEGOU,NIONO,SIRIFILA-,
565,2009-09-13,2009-09-13,,SEGOU,TOMINIAN,SANEKUY,
566,2009-09-12,2009-09-12,,SEGOU,TOMINIAN,TIMISSA,
567,2009-09-08,2009-09-08,,SEGOU,SEGOU,BELLEN,
568,2009-09-08,2009-09-08,,SEGOU,SEGOU,DIORO,
569,2009-09-08,2009-09-08,,SEGOU,SEGOU,SEGOU-COM,
570,2009-09-07,2009-09-08,Mali,,,,
571,2009-09-07,2009-09-07,,SEGOU,BLA,BLA,
572,2009-09-07,2009-09-07,,SEGOU,SEGOU,N'KOUMAND,
573,2009-09-07,2009-09-07,,SEGOU,NIONO,POGO,
574,2009-09-07,2009-09-07,,SEGOU,BLA,FALO,
575,2009-09-07,2009-09-07,,SEGOU,SEGOU,PELENGANA,
576,2009-09-07,2009-09-07,,SEGOU,BLA,TIEMENA,
577,2009-09-07,2009-09-07,,SEGOU,BLA,TOUNA,
578,2009-09-07,2009-09-07,,SEGOU,BLA,NIALA,
579,2009-09-05,2009-09-05,,KAYES,KAYES,SADIOLA,
580,2009-09-05,2009-09-05,,KAYES,KITA,MAKANO,
581,2009-09-05,2009-09-05,,KAYES,KITA,KOTOUBA,
582,2009-09-05,2009-09-05,,KAYES,BAFOULABE,DIAKON,
583,2009-09-04,2009-09-04,,KAYES,KITA,SEBEKORO,
584,2009-09-03,2009-09-03,,SEGOU,MACINA,KOLONGO,
585,2009-09-02,2009-09-02,,KOULIKORO,KOULIKORO,TIENFALA,
586,2009-09-02,2009-09-02,,KOULIKORO,KOULIKORO,TOUGOUNI,
587,2009-09-02,2009-09-02,,KOULIKORO,BANAMBA,MADINA-SA,
588,2009-09-02,2009-09-02,,DISTRICT BAMAKO ,DISTRICT,DISTRICT,
589,2009-09-02,2009-09-02,,KOULIKORO,KOULIKORO,KOULIKORO,
590,2009-09-02,2009-09-02,,KOULIKORO,BANAMBA,TOUKOROBA,
591,2009-09-02,2009-09-02,,KOULIKORO,KANGABA,KARAN,
592,2009-09-02,2009-09-02,,GAO,GAO,GAO,
593,2009-09-02,2009-09-02,,KOULIKORO,KOULIKORO,SIRAKOROL,
594,2009-09-02,2009-09-02,,KOULIKORO,KOLOKANI,KOLOKANI,
595,2009-09-01,2009-09-01,,MOPTI,DOUENTZA,HOMBORI,
596,2009-09-01,2009-09-01,,MOPTI,MOPTI,KOUNARI,
597,2009-09-01,2009-09-01,,SEGOU,TOMINIAN,TOMINIAN,
598,2009-09-01,2009-09-01,,SEGOU,SAN,TENENI,
599,2009-08-31,2009-08-31,,SEGOU,NIONO,MARIKO,
600,2009-08-30,2009-08-30,,SEGOU,NIONO,NIONO,
601,2009-08-30,2009-08-30,,SEGOU,NIONO,YEREDON-S,
602,2009-08-27,2009-08-27,,KAYES,NIORO,SANDARE,
603,2009-08-27,2009-08-27,,KAYES,NIORO,SIMBI,
604,2009-08-26,2009-08-26,,TOMBOUCTO,GOURMA-RH,RHAROUS,
605,2009-08-25,2009-08-25,,KAYES,NIORO,YERERE,
606,2009-08-25,2009-08-25,,TOMBOUCTO,TOMBOUCTO,SALAM,
607,2009-08-25,2009-08-25,,TOMBOUCTO,NIAFUNKE,,
608,2009-08-24,2009-08-24,,SIKASSO,SIKASSO,LOBOUGOUL,
609,2009-08-24,2009-08-24,,SIKASSO,YANFOLILA,WASSOULOU,
610,2009-08-21,2009-08-21,,SIKASSO,KOUTIALA,,
611,2009-08-15,2009-08-15,,,,MASSALA,
612,2009-08-15,2009-08-15,,KAYES,NIORO,NIORO-COM,
613,2009-08-12,2009-08-12,,KOULIKORO,KOULIKORO,KOULIKORO,
614,2009-08-07,2009-08-07,,KAYES,KITA,BENDOUGOU,
615,2009-08-06,2009-08-06,,MOPTI,DOUENTZA,DALLAH,
616,2009-08-05,2009-08-05,,GAO,BOUREM,TARKINT,
617,2009-07-29,2009-07-29,,SEGOU,SEGOU,MASSALA,
618,2009-07-27,2009-07-27,,MOPTI,DJENNE,DANDOUDOU,
619,2009-07-25,2009-07-25,,SEGOU,BLA,TOUNA,
620,2009-06-18,2009-06-18,,SIKASSO,SIKASSO,LOBOUGOUL,
621,2009-06-11,2009-06-11,,KAYES,KITA,TOUKOTO,
622,2009-06-11,2009-06-11,,KAYES,KITA,KOUROUNIK,
623,2009-06-08,2009-06-08,,KAYES,KITA,KOKOFATA,
624,2009-06-04,2009-06-04,,GAO,ANSONGO,TALATAYE,
625,2009-05-23,2009-05-23,,KAYES,KITA,KITA-NORD,
626,2009-05-16,2009-05-16,,KAYES,KITA,DJIDIAN,
627,2009-05-09,2009-05-09,,KAYES,KITA,TAMBAGA,
628,2009-05-01,2009-05-15,Mali,KAYES,,,
629,2009-05-01,2009-05-15,Mali,BAMAKO,,,
630,2009-05-01,2009-05-15,Mali,KOULIKORO,,,
631,2009-05-01,2009-05-15,Mali,SIKASSO,,,
632,2009-05-01,2009-05-15,Mali,SEGOU,,,
633,2009-05-01,2009-05-15,Mali,MOPTI,,,
634,2009-05-01,2009-05-15,Mali,TOMBOUCTOU,,,
635,2009-05-01,2009-05-15,Mali,GAO,,,
636,2009-04-01,2009-04-15,Mali,KAYES,,,
637,2009-04-01,2009-04-15,Mali,BAMAKO,,,
638,2009-04-01,2009-04-15,Mali,KOULIKORO,,,
639,2009-04-01,2009-04-15,Mali,SIKASSO,,,
640,2009-04-01,2009-04-15,Mali,SEGOU,,,
641,2009-04-01,2009-04-15,Mali,MOPTI,,,
642,2009-04-01,2009-04-15,Mali,TOMBOUCTOU,,,
643,2009-04-01,2009-04-15,Mali,GAO,,,
644,2008-08-19,2008-08-19,,SEGOU,BLA,YANGASSO,
645,2008-08-18,2008-08-19,Mali,KAYES,KAYES,,"Diancouté, Camara, Lambidou, Fatao "
646,2008-08-18,2008-08-18,,GAO,GAO,GAO,
647,2008-08-02,2008-08-02,,SEGOU,SEGOU,,
648,2008-07-25,2008-07-25,,TOMBOUCTO,DIRE,DIRE,
649,2008-07-19,2008-07-19,,SEGOU,BLA,TOUNA,
650,2008-07-19,2008-07-19,,SEGOU,MACINA,TONGUE,
651,2008-06-25,2008-06-25,,MOPTI,MOPTI,SOCOURA,
652,2008-06-17,2008-06-17,,SIKASSO,KADIOLO,LOULOUNI,
653,2007-09-10,2007-09-10,,DISTRICT BAMAKO ,DISTRICT,DISTRICT,
654,2007-09-08,2007-09-08,,SIKASSO,BOUGOUNI,DOGO,
655,2007-09-06,2007-09-06,,SIKASSO,KADIOLO,ZEGOUA,
656,2007-09-05,2007-09-05,,SIKASSO,SIKASSO,SIKASSO-C,
657,2007-08-31,2007-08-31,,KOULIKORO,KANGABA,BENKADI,
658,2007-08-31,2007-08-31,,KOULIKORO,DIOILA,NANGOLA,
659,2007-08-31,2007-08-31,,KOULIKORO,BANAMBA,TOUBACORO,
660,2007-08-31,2007-08-31,,KOULIKORO,DIOILA,WACORO,
661,2007-08-31,2007-08-31,,KOULIKORO,BANAMBA,SEBETE,
662,2007-08-30,2007-08-30,,KAYES,KAYES,SADIOLA,
663,2007-08-28,2007-08-28,,SEGOU,BARAOUELI,KONOBOUGO,
664,2007-08-27,2007-08-27,,KAYES,KITA,KITA-OUES,
665,2007-08-27,2007-08-27,,KAYES,KITA,KITA-NORD,
666,2007-08-27,2007-08-27,,KAYES,KITA,SOURANSAN,
667,2007-08-27,2007-08-27,,KAYES,KITA,TOUKOTO,
668,2007-08-27,2007-08-27,,KAYES,KITA,KOKOFATA,
669,2007-08-27,2007-08-27,,KAYES,KITA,BENKADI-F,
670,2007-08-27,2007-08-27,,KAYES,KITA,BADIA,
671,2007-08-27,2007-08-27,,KAYES,KITA,KOUROUNIK,
672,2007-08-27,2007-08-27,,KAYES,KITA,KITA-COMM,
673,2007-08-24,2007-08-24,,KOULIKORO,KATI,SANANKORO,
674,2007-08-24,2007-08-24,,SIKASSO,YOROSSO,BOURA,
675,2007-08-22,2007-08-22,,SIKASSO,SIKASSO,KLELA,
676,2007-08-15,2007-08-15,,KAYES,KAYES,KONIAKARY,
677,2007-08-15,2007-08-15,,KAYES,BAFOULABE,BAMAFELE,
678,2007-08-15,2007-08-15,,KAYES,YELIMANE,DIAFOUNOU,
679,2007-08-09,2007-08-09,,SIKASSO,YANFOLILA,DJIGUIYA-,
680,2007-08-06,2007-08-06,,KOULIKORO,BANAMBA,BORON,
681,2007-08-05,2007-08-05,,SEGOU,NIONO,NIONO,
682,2007-07-26,2007-07-26,,SEGOU,SEGOU,PELENGANA,
683,2007-07-26,2007-07-26,,SEGOU,SEGOU,SAKOIBA,
684,2007-07-22,2007-07-23,Mali,SEGOU,BLA,BLA,
685,2007-07-22,2007-07-22,,SIKASSO,YOROSSO,YOROSSO,
686,2007-07-16,2007-07-16,,KAYES,KAYES,KAYES-COM,
687,2007-07-14,2007-07-14,,SEGOU,NIONO,NIONO,
688,2007-07-09,2007-07-09,,SIKASSO,YOROSSO,YOROSSO,
689,2007-07-08,2007-07-08,,SEGOU,SAN,KAVA,
690,2007-07-08,2007-07-08,,SEGOU,SAN,KASSOROLA,
691,2007-07-07,2007-07-07,,MOPTI,DOUENTZA,DANGOL-BO,
692,2007-07-04,2007-07-18,Mali,SEGOU,,,
693,2007-07-04,2007-07-18,Mali,KAYES,,,
694,2007-07-04,2007-07-18,Mali,SIKASSO,,,
695,2007-07-04,2007-07-18,Mali,KOULIKORO,,,
696,2007-07-04,2007-07-18,Mali,GAO,,,
697,2007-07-04,2007-07-18,Mali,MOPTI,BANDIAGAR,BARA-SARA,
698,2007-07-04,2007-07-04,,MOPTI,MOPTI,MOPTI-COM,
699,2007-07-04,2007-07-04,,MOPTI,BANDIAGAR,DANDOLI,
700,2007-07-04,2007-07-04,,MOPTI,BANDIAGAR,DOUCOUMBO,
701,2007-07-04,2007-07-04,,MOPTI,BANDIAGAR,BANDIAGAR,
702,2007-07-01,2007-07-01,,SIKASSO,YOROSSO,YOROSSO,
703,2007-06-03,2007-06-17,Mali,SEGOU,,,
704,2007-06-03,2007-06-17,Mali,KAYES,,,
705,2007-06-03,2007-06-17,Mali,SIKASSO,,,
706,2007-06-03,2007-06-17,Mali,KOULIKORO,,,
707,2007-06-03,2007-06-17,Mali,GAO,,,
708,2007-06-03,2007-06-17,Mali,MOPTI,,,
709,2007-04-20,2007-04-20,,TOMBOUCTO,TOMBOUCTO,TOMBOUCTO,
710,2007-04-04,2007-04-04,,DISTRICT BAMAKO ,DISTRICT,DISTRICT,
711,2007-02-26,2007-02-26,,DISTRICT BAMAKO ,DISTRICT,DISTRICT,
712,2007-01-22,2007-01-22,,DISTRICT BAMAKO ,DISTRICT,DISTRICT,
713,2006-08-31,2006-08-31,,SIKASSO,YOROSSO,KOURY,
714,2006-08-27,2006-08-27,,TOMBOUCTO,TOMBOUCTO,TOMBOUCTO,
715,2006-08-24,2006-08-24,,MOPTI,DJENNE,,
716,2006-08-23,2006-08-23,,SEGOU,MACINA,MATOMO,
717,2006-08-23,2006-08-23,,SEGOU,MACINA,SOULEYE,
718,2006-08-23,2006-08-23,,MOPTI,DJENNE,FEMAYE,
719,2006-08-11,2006-08-11,,SEGOU,BLA,,
720,2006-08-11,2006-08-11,,SEGOU,NIONO,MARIKO,
721,2006-08-09,2006-08-09,,MOPTI,DOUENTZA,DOUENTZA,
722,2006-08-09,2006-08-09,,SIKASSO,KOUTIALA,KOUTIALA-,
723,2006-08-08,2006-08-08,,SEGOU,SAN,KARABA,
724,2006-08-03,2006-08-17,Mali,SIKASSO,,,
725,2006-08-03,2006-08-17,Mali,GAO,,,
726,2006-07-29,2006-07-29,,GAO,ANSONGO,BARA,
727,2005-09-21,2005-09-27,Mali,KAYES,KAYES,,
728,2005-08-18,2005-08-18,,KOULIKORO,KATI,KALABANCO,
729,2005-06-06,2005-06-07,Mali,GAO,ANSONGO,,"Ansongo, Ouatagouna, Talataye "
730,2004-08-15,2004-08-15,,SEGOU,SEGOU,MARKALA,
731,2004-08-15,2004-08-15,,KAYES,YELIMANE,GORY,
732,2004-08-15,2004-08-15,,KAYES,YELIMANE,SOUMPOU,
733,2004-08-15,2004-08-15,,KAYES,YELIMANE,DIAFOUNOU,
734,2004-08-15,2004-08-15,,KAYES,KAYES,GOUMERA,
735,2004-08-15,2004-08-15,,MOPTI,DOUENTZA,DOUENTZA,
736,2004-08-15,2004-08-15,,KIDAL,KIDAL,KIDAL,
737,2004-08-15,2004-08-15,,KAYES,NIORO,NIORO-COM,
738,2004-06-12,2004-06-12,,KOULIKORO,NARA,FALLOU,
739,2004-06-01,2004-06-01,,TOMBOUCTO,GOUNDAM,ADARMALAN,
740,2004-01-31,2004-01-31,,KAYES,KAYES,GOUMERA,
741,2003-09-10,2003-09-11,Mali,,,,
742,2003-09-09,2003-09-09,,MOPTI,MOPTI,MOPTI-COM,
743,2003-08-24,2003-08-24,,TOMBOUCTO,TOMBOUCTO,TOMBOUCTO,
744,2003-08-17,2003-08-17,,MOPTI,DJENNE,MADIAMA,
745,2003-08-10,2003-08-24,Mali,TOMBOUCTOU,,,
746,2003-08-10,2003-08-24,Mali,GAO,,,
747,2003-08-10,2003-08-24,Mali,MOPTI,,,
748,2003-08-10,2003-08-24,Mali,SEGOU,,,
749,2003-08-10,2003-08-24,Mali,KOULIKORO,,,
750,2003-08-10,2003-08-10,,SEGOU,TOMINIAN,TOMINIAN,
751,2003-08-07,2003-08-07,,DISTRICT BAMAKO ,DISTRICT,DISTRICT,
752,2003-08-01,2003-08-01,,KOULIKORO,NARA,NARA,
753,2003-07-17,2003-07-17,,DISTRICT BAMAKO ,DISTRICT,DISTRICT,
754,2002-08-28,2002-08-28,,TOMBOUCTO,GOUNDAM,GOUNDAM,
755,2002-08-08,2002-08-08,,DISTRICT BAMAKO ,DISTRICT,DISTRICT,
756,2002-07-26,2002-07-27,Mali,TOMBOUCTOU,,,"Goundam, Tombouctou , Gao, Bamako "
757,2002-07-26,2002-07-27,Mali,GAO,,,"Goundam, Tombouctou , Gao, Bamako "
758,2002-07-26,2002-07-27,Mali,BAMAKO,,,"Goundam, Tombouctou , Gao, Bamako "
759,2002-07-25,2002-07-27,Mali,TOMBOUCTOU,,,"Goundam, Tombouctou , Gao, Bamako "
760,2002-07-25,2002-07-27,Mali,GAO,,,"Goundam, Tombouctou , Gao, Bamako "
761,2002-07-25,2002-07-27,Mali,BAMAKO,,,"Goundam, Tombouctou , Gao, Bamako "
762,2001-09-17,2001-09-18,Mali,,,,
763,2001-08-18,2001-09-01,Mali,SIKASSO,,,
764,2001-08-18,2001-09-01,Mali,KIDAL,,,
765,2001-08-18,2001-09-01,Mali,MOPTI,,,
766,2001-08-18,2001-09-01,Mali,KOULIKORO,,,
767,2001-08-18,2001-09-01,Mali,BAMAKO,,,
768,2001-08-18,2001-09-01,Mali,SEGOU,,,
769,2001-07-27,2001-07-27,,MOPTI,MOPTI,SIO,
770,2001-07-16,2001-07-16,,MOPTI,MOPTI,KONNA,
771,2001-06-01,2001-06-01,,TOMBOUCTO,GOURMA-RH,SERERE,
772,2000-08-25,2000-08-26,Mali,KIDAL,ABEIBARA,,Abeibara 
773,1999-09-22,1999-09-22,,TOMBOUCTO,TOMBOUCTO,TOMBOUCTO,
774,1999-09-18,1999-09-18,,SIKASSO,YANFOLILA,WASSOULOU,
775,1999-08-23,1999-08-23,,TOMBOUCTO,TOMBOUCTO,TOMBOUCTO,
776,1999-08-22,1999-08-22,,TOMBOUCTO,TOMBOUCTO,TOMBOUCTO,
777,1999-08-22,1999-08-22,,TOMBOUCTO,GOURMA-RH,BAMBARA-M,
778,1999-08-21,1999-08-21,,TOMBOUCTO,GOUNDAM,BINTAGOUN,
779,1999-08-21,1999-08-21,,TOMBOUCTO,GOUNDAM,TONKA,
780,1999-08-21,1999-08-21,,TOMBOUCTO,GOUNDAM,GOUNDAM,
781,1999-08-21,1999-08-21,,TOMBOUCTO,NIAFUNKE,LERE,
782,1999-08-21,1999-08-21,,DISTRICT BAMAKO ,DISTRICT,DISTRICT,
783,1999-08-21,1999-08-21,,TOMBOUCTO,GOUNDAM,TILEMSI,
784,1999-08-21,1999-08-21,,TOMBOUCTO,NIAFUNKE,SOUBOUNDO,
785,1999-08-21,1999-08-21,,TOMBOUCTO,GOURMA-RH,GOSSI,
786,1999-08-21,1999-08-21,,TOMBOUCTO,DIRE,DIRE,
787,1999-08-21,1999-08-21,,TOMBOUCTO,NIAFUNKE,FITOUNGA,
788,1999-08-20,1999-08-20,,MOPTI,DOUENTZA,DOUENTZA,
789,1999-08-20,1999-08-20,,KOULIKORO,KATI,OUELESSEB,
790,1999-08-20,1999-08-20,,SIKASSO,KOLONDIEB,KOLONDIEB,
791,1999-08-19,1999-08-19,,KOULIKORO,KANGABA,MINIDIAN,
792,1999-08-18,1999-08-18,,KOULIKORO,KANGABA,NOUGA,
793,1999-08-18,1999-08-18,,SIKASSO,YANFOLILA,WASSOULOU,
794,1999-08-17,1999-08-17,,MOPTI,TENENKOU,,
795,1999-08-17,1999-08-17,,KOULIKORO,KATI,SIBY,
796,1999-08-17,1999-08-17,,MOPTI,MOPTI,MOPTI-COM,
797,1999-08-15,1999-08-15,,SEGOU,NIONO,NIONO,
798,1999-08-15,1999-08-15,,SIKASSO,KOUTIALA,DIEDOUGOU,
799,1999-08-14,1999-08-14,,SEGOU,BARAOUELI,SANANDO,
800,1999-08-14,1999-08-14,,SEGOU,TOMINIAN,TIMISSA,
801,1999-08-14,1999-08-14,,SEGOU,TOMINIAN,MANDIAKUY,
802,1999-08-14,1999-08-14,,SEGOU,TOMINIAN,TOMINIAN,
803,1999-08-11,1999-08-11,,DISTRICT BAMAKO ,DISTRICT,DISTRICT,
804,1999-08-11,1999-08-11,,SEGOU,BARAOUELI,KONOBOUGO,
805,1999-08-11,1999-08-11,,SEGOU,BARAOUELI,SANANDO,
806,1999-08-11,1999-08-11,,SIKASSO,BOUGOUNI,KELEYA,
807,1999-08-10,1999-08-10,,DISTRICT BAMAKO ,DISTRICT,DISTRICT,
808,1999-08-10,1999-08-10,,SEGOU,BARAOUELI,BARAOUELI,
809,1999-08-10,1999-08-10,,SEGOU,BARAOUELI,KONOBOUGO,
810,1999-08-06,1999-08-06,,SIKASSO,BOUGOUNI,BOUGOUNI-,
811,1999-08-05,1999-08-05,,KAYES,KAYES,SAME-DIOM,
812,1999-08-05,1999-08-05,,DISTRICT BAMAKO ,DISTRICT,DISTRICT,
813,1999-08-05,1999-08-05,,KOULIKORO,KATI,OUELESSEB,
814,1999-08-04,1999-08-05,Mali,BAMAKO,BAMAKO,,"Bamako, Koulikoro, Keleya & Koutiala"
815,1999-08-04,1999-08-05,Mali,KOULIKORO,BAMAKO,,"Bamako, Koulikoro, Keleya & Koutiala"
816,1999-08-04,1999-08-05,Mali,,BAMAKO,,"Bamako, Koulikoro, Keleya & Koutiala"
817,1999-08-04,1999-08-05,Mali,BAMAKO,KOUTIALA,,"Bamako, Koulikoro, Keleya & Koutiala"
818,1999-08-04,1999-08-05,Mali,KOULIKORO,KOUTIALA,,"Bamako, Koulikoro, Keleya & Koutiala"
819,1999-08-04,1999-08-05,Mali,,KOUTIALA,,"Bamako, Koulikoro, Keleya & Koutiala"
820,1999-08-02,1999-08-02,,KOULIKORO,KOULIKORO,DINANDOUG,
821,1999-08-01,1999-08-01,,KAYES,KAYES,KAYES-COM,
822,1999-07-12,1999-07-12,,SEGOU,BLA,BLA,
823,1998-09-22,1998-09-22,,DISTRICT BAMAKO ,DISTRICT,DISTRICT,
824,1998-09-01,1998-09-15,Mali,KOULIKORO,,,"Koulikoro, Kayes"
825,1998-09-01,1998-09-15,Mali,KAYES,,,"Koulikoro, Kayes"
826,1998-08-17,1998-08-17,,GAO,ANSONGO,BARA,
827,1998-08-13,1998-08-13,,KAYES,KAYES,KAYES-COM,
828,1998-08-05,1998-08-05,,DISTRICT BAMAKO ,DISTRICT,DISTRICT,
829,1998-06-17,1998-06-18,Mali,TOMBOUCTOU,ASANGO,ASANGO,Asango
830,1997-08-27,1997-08-27,,MOPTI,MOPTI,MOPTI-COM,
831,1997-07-31,1997-07-31,,KOULIKORO,KANGABA,NARENA,
832,1997-05-05,1997-05-05,,DISTRICT BAMAKO ,DISTRICT,DISTRICT,
833,1996-08-11,1996-08-11,,KOULIKORO,KOULIKORO,KOULIKORO,
834,1996-08-04,1996-08-04,,DISTRICT BAMAKO ,DISTRICT,DISTRICT,
835,1996-07-26,1996-07-26,,SEGOU,TOMINIAN,TOMINIAN,
836,1996-06-13,1996-06-13,,SIKASSO,SIKASSO,ZANIENA,
837,1995-08-10,1995-08-10,,SEGOU,BARAOUELI,BARAOUELI,
838,1995-07-17,1995-07-17,,KAYES,KAYES,KAYES-COM,
839,1995-05-25,1995-05-25,,KOULIKORO,KATI,SANANKORO,
840,1994-09-21,1994-09-21,,KOULIKORO,KOULIKORO,KOULIKORO,
841,1994-09-08,1994-09-08,,MOPTI,DOUENTZA,HOMBORI,
842,1994-08-05,1994-08-05,,KOULIKORO,DIOILA,MASSIGUI,
843,1989-08-01,1989-08-15,Mali,,,,
844,1988-08-01,1988-08-15,Mali,BAMAKO,,,
845,1988-08-01,1988-08-15,Mali,SEGOU,,,
846,1988-08-01,1988-08-15,Mali,KOULIKOROU,,,
847,1974-08-23,1974-08-23,,DISTRICT BAMAKO ,DISTRICT,DISTRICT,
848,1954-08-25,1954-08-25,,DISTRICT BAMAKO ,DISTRICT,DISTRICT,
849,1954-08-20,1954-08-20,,KAYES,BAFOULABE,BAFOULABE,
850,1954-08-20,1954-08-20,,TOMBOUCTO,TOMBOUCTO,,
851,1954-08-20,1954-08-20,,SIKASSO,SIKASSO,,
852,1906-08-21,1906-08-21,,KAYES,KAYES,,
853,1906-08-17,1906-08-17,,KOULIKORO,KOULIKORO,,
